{
	"Failed": false,
	"app_data": {
		"agent_channel": 0,
		"agent_clarity": 0.589,
		"client_channel": 1,
		"client_clarity": 0.793,
		"duration": "00:11:55",
		"duration_m": 11.93,
		"duration_s": 715.966,
		"overtalk": 0.016,
		"silence": 0.403,
		"total_overtalk": 11.556999999999733,
		"total_silence": 288.5020000000003
	},
	"confidence": 0.69,
	"donedate": "2022-08-09T17:51:40Z",

}